title,jpg_size
theboneandjointcenter.com,131364
two-n.com,123171
disney.co.jp,159969
wikipedia.org,88938
news.yahoo.co.jp,134220
huxiu.com,145542
cheshi.com,207384
humblebundle.com,172113
theatlantic.com,155745
microsoft.com,96675
opera.com,79722
labinthewild.org,141423
richyli.com,162597
pxtoem.com,119445
javadrive.jp,106659
jiqimao.tv,209289
clamav.net,74073
bootcdn.cn,79008
runoob.com,115593
tensorfly.cn,158337
journaldugeek.com,158154
matetranslate.com,103062
kameisyouten.ocnk.net,361173
gingerweb.jp,122691
cp.pocky.jp,123963
aladdin-aic.com,165024
kokage-m.com,191457
steakland.jp,167664
showroomprive.com,144792
imas-cg.net,248178
filetender.com,77247
hexo.io,88611
yinwang.org,75612
blog.yitianshijie.net,126876
yatani.jp,86316
qiita.com,111312
52nlp.cn,123888
guidetojapanese.org,85197
olderadults.mobi,155004
blog.whatsapp.com,98568
lomake.fi,69978
bgmaimuna.com,227520
0dt.net,232170
web.ics.purdue.edu,71391
canon-foundation.jp,197586
blog.sciencenet.cn,226743
pantone.com,221109
news.livedoor.com,166980
gmo.jp,212085
tokai-tv.com,242769
life-is-tech.com,135213
bloomberg.co.jp,142284
cerezo.jp,250776
tech.nikkeibp.co.jp,174084
jp.techcrunch.com,131115
capcom.co.jp,206085
sankei.com,200868
tech-jp.co.jp,206505
tech-camp.in,180822
hasegawa-heart.com,130173
techplay.jp,222273
cps.com.cn,205329
trafst.jp,170064
infoq.com,152580
jcr.incites.thomsonreuters.com,74979
dna.fr,194322
macg.co,171312
cvpr2018.thecvf.com,185826
chi2019.acm.org,157614
swellnet.com,139029
klex.ru,84135
theborneopost.com,184902
